id,first_name,last_name,email,city
1,Bink,Canada,bcanada0@springer.com,Paris 08
2,Lucian,Melsome,lmelsome1@dyndns.org,Wuyang
3,Micki,Dmytryk,mdmytryk2@bizjournals.com,Suklayin
4,Carmelle,Iacomo,ciacomo3@elpais.com,Pillpinto
5,Michelina,Mitcham,mmitcham4@uol.com.br,Falun
6,Clair,Molloy,cmolloy5@merriam-webster.com,Koatas Lao
7,Kathlin,Guirard,kguirard6@wordpress.org,Yabluniv
8,Alfie,Fairclough,afairclough7@earthlink.net,Pokrovskoye-Streshnëvo
9,Carilyn,Drage,cdrage8@noaa.gov,Bentiu
10,Roseanne,Hoodlass,rhoodlass9@opera.com,Buguruslan
11,Anna-maria,Snelgar,asnelgara@prnewswire.com,Sindangraja
12,Reeba,Galway,rgalwayb@nydailynews.com,Pavia
13,Annelise,Corre,acorrec@goo.gl,Werinama
14,Clive,Geely,cgeelyd@examiner.com,Krajan Dua Patempuran
15,Alethea,Attfield,aattfielde@shareasale.com,Songshi
16,Celinka,Habercham,chaberchamf@ucoz.com,Pu’an
17,Orella,Gent,ogentg@mlb.com,Khiliomódhi
18,Bent,Beslier,bbeslierh@studiopress.com,Evansville
19,Efren,Steaning,esteaningi@jimdo.com,Qohord-e Bālā
20,Barrett,Mahaddie,bmahaddiej@phoca.cz,Beicang
21,Davis,Minchi,dminchik@tumblr.com,Pacobamba
22,Stacee,Woof,swoofl@infoseek.co.jp,Yangchao
23,Miguelita,Franzen,mfranzenm@google.com.br,Pombal
24,Rora,Kohen,rkohenn@howstuffworks.com,Hacıqabul
25,Lark,Lepere,llepereo@dyndns.org,Gus’-Khrustal’nyy
26,Alonzo,Giacomelli,agiacomellip@barnesandnoble.com,Saint Louis
27,Stanislaw,Enright,senrightq@naver.com,Cincinnati
28,Merry,Espinet,mespinetr@businessweek.com,Pagak
29,Brig,Pleming,bplemings@technorati.com,Ust’-Omchug
30,Milka,Symson,msymsont@altervista.org,Qiaozi
31,Madelene,Spivey,mspiveyu@shareasale.com,Bukal
32,Lonni,Klaggeman,lklaggemanv@etsy.com,Cotahuasi
33,Shaine,Silk,ssilkw@exblog.jp,Bacungan
34,Bruno,Greystoke,bgreystokex@phpbb.com,Tafraout
35,Gelya,Hopkyns,ghopkynsy@amazon.com,San Andrés
36,Geoff,Hartfleet,ghartfleetz@godaddy.com,Ngori
37,Tobin,Condie,tcondie10@surveymonkey.com,Huế
38,Link,Edmonds,ledmonds11@tumblr.com,Growong Kidul
39,Munmro,Rosencrantz,mrosencrantz12@moonfruit.com,Ngelak
40,Dex,Twidle,dtwidle13@yelp.com,Brusy
41,Ryon,Mingardo,rmingardo14@netvibes.com,Wujing
42,Lesley,Hexam,lhexam15@multiply.com,Pingshui
43,Karim,Hurle,khurle16@wikipedia.org,Janów
44,Gottfried,Antony,gantony17@discovery.com,Kudahuvadhoo
45,Say,Denson,sdenson18@51.la,Prado
46,Haywood,Widmore,hwidmore19@apache.org,Dallas
47,Udale,Essel,uessel1a@ebay.co.uk,Meaux
48,Joleen,Petts,jpetts1b@de.vu,Tongren
49,Englebert,Stoate,estoate1c@salon.com,Longfeng
50,Mariejeanne,Suter,msuter1d@ebay.com,Radenka
51,Evin,Gersam,egersam1e@youku.com,Sumberejo
52,Susann,Caple,scaple1f@slideshare.net,La Gloria
53,Patten,Biskupiak,pbiskupiak1g@comcast.net,Kute
54,Zebedee,Charity,zcharity1h@spiegel.de,Milaor
55,Wynn,Kadwallider,wkadwallider1i@edublogs.org,Longtan
56,Kerk,Newbold,knewbold1j@yandex.ru,Cikarang
57,Caroline,Candie,ccandie1k@craigslist.org,Göteborg
58,Gwendolin,Banane,gbanane1l@mashable.com,Tomingad
59,Spike,Upsale,supsale1m@netvibes.com,Qorovulbozor
60,Lyndell,Caudle,lcaudle1n@guardian.co.uk,Beltinci
61,Oriana,Hassekl,ohassekl1o@arizona.edu,La Concepcion
62,Jenn,Conichie,jconichie1p@pbs.org,Rushanzhai
63,Rorke,Burry,rburry1q@ucsd.edu,Lezhë
64,Rex,Turtle,rturtle1r@usgs.gov,Oetua
65,Laina,Worthy,lworthy1s@printfriendly.com,La Plata
66,Benedicta,Welldrake,bwelldrake1t@google.co.uk,Arauca
67,Ofilia,Lapthorne,olapthorne1u@wufoo.com,Jeremi
68,Clio,Mayer,cmayer1v@people.com.cn,Xinghuo
69,Itch,Galpin,igalpin1w@irs.gov,Okinawa Número Uno
70,Hartley,Moreing,hmoreing1x@nih.gov,Liufang
71,Rhianon,Lynagh,rlynagh1y@mit.edu,Jianli
72,Dimitry,Ricardon,dricardon1z@google.co.uk,Menlou
73,Lia,Bahls,lbahls20@furl.net,Gýtheio
74,Arliene,Couroy,acouroy21@salon.com,Sakākā
75,Mac,Mattiello,mmattiello22@artisteer.com,Kalanchak
76,Hattie,Gimlet,hgimlet23@yahoo.com,Tallbīsah
77,Des,Mohring,dmohring24@weebly.com,Rassvet
78,Meg,Casado,mcasado25@princeton.edu,Oskarshamn
79,Vinnie,Rahill,vrahill26@biglobe.ne.jp,Summerside
80,Jayne,Ebrall,jebrall27@multiply.com,Arrën
81,Skelly,Colwell,scolwell28@admin.ch,Södertälje
82,Lawry,Husband,lhusband29@sbwire.com,La Mesa
83,Randene,Cristofol,rcristofol2a@homestead.com,Cheb
84,Johnathan,Dunley,jdunley2b@engadget.com,Gesikan
85,Conway,Edmed,cedmed2c@themeforest.net,Zhukovka
86,Sherye,Littleproud,slittleproud2d@arizona.edu,Mitzpe Ramon
87,Cam,Girone,cgirone2e@shinystat.com,Prinza
88,Esme,Coppeard,ecoppeard2f@addtoany.com,São Mamede
89,Tonia,Leving,tleving2g@imgur.com,Yara
90,Rodd,Emanuelov,remanuelov2h@chicagotribune.com,Debe
91,Micki,Chew,mchew2i@free.fr,Xiaping
92,Renie,Meecher,rmeecher2j@sphinn.com,Arujá
93,Gareth,Gilham,ggilham2k@topsy.com,Ryczów
94,Chrisse,Guage,cguage2l@senate.gov,Berkovitsa
95,Xever,Anton,xanton2m@taobao.com,Padasuka
96,Nickey,Barrett,nbarrett2n@pagesperso-orange.fr,Handaqi
97,Daryn,Denmead,ddenmead2o@walmart.com,Ciracap
98,Pierette,Feveryear,pfeveryear2p@constantcontact.com,Antas
99,Gweneth,Stroud,gstroud2q@typepad.com,Pasirmukti
100,Thor,Aspinal,taspinal2r@mozilla.com,Xibu
